GEO_ID,Total,Male,Female
371190001011,25.8,26.3,23.0
371190001012,49.9,41.1,57.5
371190001021,45.1,41.9,45.3
371190001022,25.9,29.0,25.4
371190001031,30.6,30.3,31.1
371190001041,35.5,35.0,44.3
371190003011,33.0,34.7,31.8
371190003021,26.8,26.5,31.6
371190003022,30.8,27.0,33.6
371190004011,25.9,27.0,25.1
371190004021,25.6,25.3,26.3
371190004022,25.6,26.2,24.7
371190005011,26.8,25.5,30.1
371190005012,24.9,29.4,20.5
371190005021,24.9,26.0,24.8
371190005031,40.0,40.1,37.8
371190005032,44.1,44.7,42.2
371190006001,27.3,27.8,27.2
371190006002,30.7,31.5,26.6
371190006003,31.5,31.8,28.8
371190007001,31.0,31.4,30.5
371190007002,31.4,31.6,31.0
371190008001,37.9,38.0,37.4
371190008002,28.1,27.4,30.5
371190009001,37.5,37.5,37.6
371190009002,33.2,34.4,31.3
371190010001,46.1,48.8,42.2
371190010002,34.7,35.2,34.4
371190010003,32.2,33.6,30.5
371190011001,37.2,37.1,37.3
371190011002,39.8,26.9,48.8
371190011003,31.2,32.4,30.5
371190012001,27.4,25.2,32.5
371190012002,39.8,38.0,46.3
371190012003,38.8,42.6,36.4
371190013001,35.3,34.5,37.3
371190013002,36.7,39.3,34.4
371190013003,34.1,32.0,34.5
371190014001,31.3,32.1,30.2
371190014002,32.4,34.7,29.6
371190015041,39.2,38.3,39.6
371190015042,34.9,34.6,35.9
371190015043,44.8,35.5,52.6
371190015051,43.5,31.9,46.4
371190015052,29.1,29.3,29.1
371190015071,18.9,20.6,18.3
371190015072,41.5,33.2,44.4
371190015073,25.2,26.0,23.1
371190015081,41.2,41.7,36.9
371190015082,34.7,32.4,38.5
371190015083,33.7,26.0,38.4
371190015091,41.9,39.6,42.0
371190015092,30.6,28.8,33.2
371190015101,31.5,29.5,33.3
371190015102,62.6,63.4,62.3
371190016031,44.3,39.8,44.7
371190016032,30.7,30.8,30.0
371190016033,41.2,41.7,39.4
371190016051,34.5,38.7,28.6
371190016061,36.2,36.1,38.2
371190016062,33.6,30.5,35.4
371190016071,32.7,25.9,39.5
371190016081,32.9,34.0,32.5
371190016082,42.3,48.9,36.4
371190016091,44.8,30.5,47.0
371190016092,35.4,30.5,41.8
371190017011,33.4,29.6,36.3
371190017012,29.7,29.9,29.1
371190017021,43.1,44.2,42.8
371190017022,37.3,37.8,35.4
371190017023,29.7,30.6,29.4
371190017024,24.9,24.9,24.8
371190018011,42.4,50.0,41.4
371190018012,33.0,27.6,51.3
371190018013,33.1,42.8,29.6
371190018021,39.6,44.6,32.0
371190018022,38.7,38.8,38.3
371190019101,25.3,26.3,23.4
371190019102,43.7,46.7,43.1
371190019103,25.7,29.2,23.6
371190019111,30.9,38.0,29.6
371190019112,43.4,41.0,45.3
371190019113,31.7,29.8,41.0
371190019141,24.4,29.5,23.0
371190019142,35.6,35.3,36.2
371190019161,37.1,37.0,38.1
371190019162,32.0,34.5,31.1
371190019171,30.5,26.8,39.0
371190019172,32.4,26.6,40.1
371190019181,39.8,39.6,43.3
371190019182,33.4,31.8,34.3
371190019183,28.1,9.0,32.2
371190019191,35.7,36.5,30.2
371190019192,39.5,39.2,39.6
371190019193,29.6,29.7,28.9
371190019201,30.0,34.3,29.4
371190019202,27.7,26.8,28.0
371190019203,36.9,39.0,35.5
371190019211,36.9,28.1,48.2
371190019221,31.3,33.1,29.6
371190019222,34.8,25.3,42.2
371190019231,38.7,38.7,38.6
371190019232,42.1,33.7,49.2
371190019241,33.2,27.6,37.9
371190019251,20.1,19.0,21.5
371190019252,28.9,25.6,30.6
371190019253,31.9,31.5,34.3
371190019261,34.1,28.2,34.9
371190019262,36.1,41.4,34.3
371190019271,45.3,47.6,45.1
371190019272,34.3,34.4,28.7
371190020041,53.7,49.6,56.2
371190020042,32.8,14.6,44.1
371190020043,30.2,30.2,30.3
371190020051,47.4,52.1,42.6
371190020052,36.8,40.6,36.2
371190020061,33.6,37.1,30.4
371190020062,43.6,41.3,45.5
371190020071,48.5,48.1,48.7
371190020072,33.3,13.2,50.7
371190020081,39.6,39.3,39.8
371190020082,52.5,42.6,63.5
371190020083,39.9,39.0,56.9
371190021001,33.2,35.2,31.8
371190021002,40.8,40.9,40.7
371190022011,40.9,41.1,38.9
371190022012,34.1,37.3,33.1
371190022021,44.0,43.7,44.3
371190022022,29.1,28.7,29.4
371190023001,63.3,34.8,66.7
371190023002,21.6,21.4,22.0
371190024001,28.8,30.1,27.8
371190024002,34.5,35.5,31.4
371190024003,49.2,58.3,38.6
371190025001,30.7,33.6,29.6
371190025002,33.4,35.8,29.1
371190026001,38.2,40.4,36.7
371190027011,59.3,62.4,58.4
371190027012,54.8,55.1,54.4
371190027013,32.6,26.8,36.2
371190027021,24.6,28.4,22.6
371190027022,35.8,36.3,35.0
371190027023,39.9,37.9,42.0
371190028001,39.6,44.6,32.5
371190028002,39.2,39.4,39.0
371190028003,62.2,62.9,61.6
371190029031,42.9,18.7,45.5
371190029032,42.2,50.2,39.9
371190029033,40.7,42.3,38.8
371190029051,43.4,43.1,45.4
371190029052,40.5,40.7,37.0
371190029071,33.5,35.4,32.3
371190029072,36.3,31.6,38.0
371190029081,46.3,39.1,51.2
371190029082,36.7,36.4,41.1
371190029083,49.8,44.8,57.7
371190029091,36.7,37.1,36.3
371190029101,34.9,35.3,33.9
371190029102,32.7,33.9,31.0
371190029103,48.1,38.9,57.1
371190030061,37.8,39.4,37.3
371190030062,40.7,42.1,38.9
371190030081,38.7,36.3,46.0
371190030082,35.5,35.8,29.6
371190030083,44.6,49.4,44.4
371190030121,55.6,51.2,62.5
371190030122,41.0,42.3,37.8
371190030131,42.2,42.3,42.0
371190030132,44.2,46.0,40.7
371190030151,38.5,38.3,38.6
371190030152,41.2,35.0,46.5
371190030153,38.7,42.6,30.0
371190030161,37.6,37.7,34.9
371190030162,44.0,46.2,39.9
371190030163,32.7,38.8,29.4
371190030171,41.6,41.1,42.5
371190030172,50.2,51.3,47.0
371190030181,43.7,41.9,47.7
371190030191,42.2,45.3,39.5
371190030192,36.8,31.9,41.7
371190030201,53.4,54.0,52.4
371190030202,46.2,43.8,46.7
371190030203,53.5,58.2,49.0
371190030211,31.0,31.0,30.9
371190030212,38.9,40.1,35.4
371190030221,49.5,47.5,49.8
371190030222,43.4,35.6,43.9
371190030223,39.1,34.3,40.2
371190031021,38.7,36.2,50.1
371190031022,38.4,34.9,39.7
371190031023,30.7,31.0,28.6
371190031051,44.4,47.6,43.3
371190031052,42.6,39.2,43.3
371190031061,29.6,28.2,31.5
371190031062,32.6,29.9,35.7
371190031081,31.1,31.6,29.6
371190031082,30.3,25.6,31.8
371190031091,28.4,28.2,28.5
371190031092,23.9,25.4,22.6
371190031101,33.4,33.2,34.7
371190031111,28.2,23.7,33.4
371190031112,41.3,52.1,32.5
371190031113,29.9,29.8,32.3
371190032011,41.5,39.8,46.1
371190032012,38.6,44.8,33.2
371190032031,28.6,28.3,29.5
371190032032,32.8,29.7,34.4
371190032041,38.8,35.3,39.4
371190032042,37.5,46.6,34.9
371190032043,46.4,41.7,47.3
371190033011,26.3,26.8,26.0
371190033012,33.8,33.7,34.1
371190033021,38.6,34.9,41.1
371190033022,35.2,32.7,35.8
371190034011,26.7,27.2,25.5
371190034012,33.0,29.0,35.4
371190034021,36.7,31.1,40.1
371190034022,36.1,36.0,36.2
371190034023,38.9,40.3,37.5
371190035001,28.9,37.5,26.8
371190035002,42.8,37.5,46.3
371190036001,28.2,26.5,28.5
371190036002,31.9,33.4,29.6
371190036003,27.3,25.0,32.5
371190036004,25.4,14.8,25.5
371190037011,27.4,28.2,26.7
371190037012,57.5,55.2,57.8
371190037021,30.3,33.4,30.1
371190037022,25.6,21.0,34.3
371190038021,54.8,54.8,55.1
371190038022,38.2,33.1,39.0
371190038023,31.3,31.2,31.6
371190038051,29.5,29.6,28.8
371190038052,30.8,35.3,28.1
371190038071,30.3,30.5,28.9
371190038072,32.3,35.3,28.7
371190038081,27.5,30.6,27.2
371190038082,33.8,30.0,42.3
371190038083,31.3,28.7,34.1
371190038091,30.1,19.9,37.8
371190038092,29.8,32.5,29.1
371190038101,40.6,53.0,29.9
371190038102,30.0,27.9,31.0
371190038111,34.8,30.5,44.6
371190039021,51.7,50.5,54.3
371190039022,27.6,15.6,30.4
371190039023,41.8,40.6,54.5
371190039024,29.1,29.3,26.9
371190039031,27.0,9.6,42.4
371190039032,23.1,21.9,23.1
371190040001,43.4,37.8,43.6
371190040002,42.7,45.9,40.0
371190040003,33.9,28.2,46.1
371190040004,40.6,41.0,40.3
371190041011,33.3,36.5,30.4
371190041012,43.2,43.1,44.1
371190041021,29.0,24.2,38.8
371190041022,32.0,36.9,28.3
371190042001,29.8,31.3,28.7
371190042002,42.7,45.7,42.1
371190042003,41.0,52.2,40.8
371190042004,41.1,30.3,51.1
371190043021,28.6,20.3,35.1
371190043022,38.5,38.7,37.6
371190043023,34.1,34.0,34.5
371190043031,35.9,33.8,40.8
371190043041,31.6,30.9,34.3
371190043042,37.9,29.1,45.5
371190043061,34.4,41.2,32.8
371190043062,27.7,27.4,39.0
371190043071,33.9,40.2,30.7
371190044001,34.0,34.2,32.8
371190044002,45.5,41.1,48.9
371190044003,33.8,31.0,34.7
371190045001,42.0,39.2,42.8
371190045002,40.2,40.2,40.2
371190045003,28.9,31.0,28.4
371190046001,60.2,39.1,63.5
371190046002,41.7,39.9,41.7
371190047001,21.5,22.2,21.2
371190048001,41.7,44.5,35.9
371190048002,62.1,60.6,64.0
371190048003,41.4,41.6,40.9
371190049001,53.8,52.1,60.0
371190050001,31.7,32.0,31.7
371190050002,33.0,32.9,33.1
371190051001,28.5,28.0,33.3
371190051002,38.4,35.3,52.0
371190052001,28.6,14.0,37.9
371190052002,40.7,38.2,48.4
371190052003,31.6,30.5,33.6
371190053011,27.4,29.5,24.0
371190053012,39.6,53.0,19.7
371190053051,40.4,41.1,40.3
371190053052,26.3,36.0,24.3
371190053053,42.2,42.3,40.7
371190053061,48.8,48.9,42.8
371190053062,41.1,37.4,42.0
371190053071,28.1,27.3,30.9
371190053072,29.5,27.2,31.7
371190053081,26.4,25.2,27.7
371190053082,34.2,34.2,34.2
371190054031,30.3,27.9,32.0
371190054032,35.1,34.4,36.4
371190054041,45.4,41.7,45.7
371190054042,32.8,32.5,33.4
371190054051,28.9,28.2,34.6
371190054052,37.1,21.8,39.8
371190054061,47.8,45.5,49.5
371190054062,27.9,27.7,33.3
371190055081,46.0,47.3,41.7
371190055082,33.6,33.6,33.6
371190055101,17.8,15.8,21.1
371190055102,29.9,29.3,37.0
371190055103,28.6,28.9,28.4
371190055111,36.8,42.0,36.7
371190055112,32.6,37.2,30.5
371190055113,35.1,33.4,38.3
371190055121,40.5,37.7,46.0
371190055122,34.8,30.9,41.1
371190055123,34.7,30.2,41.3
371190055131,34.8,34.5,40.1
371190055132,46.6,44.9,49.7
371190055133,49.3,49.0,52.4
371190055151,42.4,45.3,41.3
371190055161,40.9,39.2,42.5
371190055171,41.0,37.5,41.4
371190055172,52.9,51.6,52.9
371190055173,42.8,40.1,45.6
371190055191,34.4,32.5,43.4
371190055192,7.9,7.9,26.4
371190055193,31.8,30.7,32.7
371190055201,42.6,33.4,50.2
371190055202,43.8,44.7,43.0
371190055203,35.6,34.5,39.4
371190055221,34.6,24.8,38.4
371190055222,34.2,36.1,34.1
371190055223,32.7,32.6,32.7
371190055251,41.9,46.0,41.6
371190055252,34.6,30.0,37.3
371190055261,34.5,34.5,34.5
371190055262,42.7,42.1,46.4
371190055271,32.4,34.0,32.2
371190055281,37.8,31.2,44.5
371190055282,43.7,44.2,43.7
371190055291,50.9,47.1,55.1
371190055301,35.0,37.4,31.2
371190055302,56.7,37.5,59.1
371190055311,28.6,25.8,28.6
371190055312,31.7,33.4,31.3
371190055321,33.6,27.9,39.4
371190055322,29.8,30.7,27.7
371190055331,32.0,34.2,31.9
371190055341,22.2,22.0,22.6
371190055342,27.0,23.6,27.9
371190055343,29.3,25.7,30.3
371190055351,30.5,30.4,31.2
371190055352,27.8,31.4,27.4
371190055361,31.1,31.5,28.0
371190055362,40.0,38.3,40.7
371190055363,29.9,29.1,31.1
371190055364,43.1,44.3,41.3
371190056041,22.8,22.7,22.9
371190056042,19.5,19.5,19.4
371190056043,19.4,19.5,19.2
371190056091,22.7,22.4,23.3
371190056092,23.2,24.3,22.5
371190056101,28.8,32.3,27.6
371190056102,43.2,32.5,57.4
371190056111,48.3,37.9,52.7
371190056112,33.5,32.8,33.7
371190056121,27.1,27.9,26.2
371190056122,30.7,24.7,35.7
371190056131,33.0,31.7,35.0
371190056151,33.8,32.9,35.0
371190056161,34.2,34.1,34.3
371190056171,38.9,30.5,39.9
371190056172,28.5,27.5,29.0
371190056181,41.5,42.6,38.9
371190056182,29.6,22.9,34.4
371190056191,31.3,29.3,35.9
371190056192,30.4,29.4,32.1
371190056211,34.7,33.7,35.4
371190056212,60.8,55.7,63.1
371190056213,34.5,27.6,34.9
371190056221,22.4,22.4,22.5
371190056222,34.9,20.3,44.1
371190056231,50.1,40.5,52.4
371190056232,25.3,30.1,24.4
371190056241,35.6,35.9,35.4
371190056251,37.3,42.3,35.7
371190056252,37.7,41.1,37.4
371190056261,34.8,35.0,33.4
371190056271,25.3,26.4,24.7
371190056272,35.7,30.7,43.2
371190056273,32.2,29.6,35.7
371190057091,32.7,33.8,31.0
371190057092,46.1,55.4,39.3
371190057101,35.4,35.3,35.6
371190057102,29.8,33.6,22.8
371190057121,39.5,30.9,49.1
371190057122,40.9,46.5,38.4
371190057131,46.4,42.4,51.0
371190057132,44.5,45.2,42.5
371190057141,40.1,38.7,43.4
371190057142,51.1,50.8,51.3
371190057143,52.2,51.6,53.0
371190057151,44.8,51.6,40.5
371190057161,46.3,48.3,44.7
371190057162,25.6,21.9,32.1
371190057181,42.8,42.3,45.5
371190057182,39.7,35.2,48.2
371190057191,41.6,42.2,41.4
371190057192,48.3,42.7,51.1
371190057201,64.7,66.1,64.1
371190057211,50.6,52.2,50.1
371190057212,49.6,41.3,53.8
371190057221,43.2,45.7,37.5
371190057231,33.5,33.5,33.0
371190057232,31.9,28.7,37.1
371190058111,38.8,36.9,59.2
371190058112,31.6,35.1,31.5
371190058113,52.8,46.3,56.3
371190058151,42.8,42.8,42.9
371190058152,46.9,46.3,50.1
371190058161,44.8,46.1,44.0
371190058162,33.4,33.2,36.4
371190058171,54.9,53.9,56.5
371190058172,43.3,45.8,42.1
371190058241,29.5,27.1,30.0
371190058242,32.2,32.9,31.3
371190058261,38.9,38.7,41.5
371190058262,39.3,39.5,38.4
371190058271,31.2,29.9,32.6
371190058281,43.4,42.3,46.5
371190058282,40.3,40.1,45.1
371190058283,53.4,50.1,58.1
371190058291,32.0,29.6,53.4
371190058292,31.1,22.7,31.8
371190058301,37.2,39.7,32.8
371190058302,41.3,38.5,44.1
371190058321,40.0,40.2,39.7
371190058331,32.5,26.8,46.0
371190058332,38.7,36.7,45.8
371190058333,73.0,61.8,76.6
371190058341,39.9,37.2,43.7
371190058342,34.0,32.1,34.3
371190058351,40.7,40.0,41.4
371190058361,37.0,33.3,38.5
371190058362,39.5,36.8,40.1
371190058391,29.2,35.7,26.9
371190058392,48.2,46.0,48.2
371190058401,42.7,36.6,43.9
371190058431,41.2,40.7,42.1
371190058432,46.4,46.9,45.3
371190058451,42.3,39.4,44.4
371190058452,34.7,22.2,35.8
371190058453,46.1,46.3,46.0
371190058461,44.3,40.5,46.1
371190058462,43.3,40.6,45.5
371190058471,40.5,33.0,48.4
371190058472,34.6,34.7,34.4
371190058473,52.5,39.3,59.2
371190058481,39.3,37.8,41.3
371190058482,44.5,42.2,47.7
371190058483,37.1,35.5,39.0
371190058491,80.9,84.0,80.4
371190058492,41.8,43.4,41.5
371190058501,39.3,39.2,39.9
371190058511,44.7,44.6,45.1
371190058512,41.7,32.9,44.7
371190058521,45.8,38.9,51.9
371190058531,33.1,41.2,31.4
371190058532,49.4,48.4,54.8
371190058541,34.0,30.3,36.3
371190058551,30.8,30.1,32.0
371190058552,33.5,23.4,40.0
371190058553,53.0,53.2,50.9
371190058561,31.7,33.2,30.5
371190058571,43.1,43.4,39.7
371190058581,23.7,22.8,30.3
371190058582,39.1,36.1,39.5
371190058591,45.0,49.9,41.6
371190058601,40.5,36.8,43.3
371190058602,24.4,24.6,22.9
371190058611,45.5,42.8,49.8
371190058612,60.9,62.1,60.5
371190058621,41.9,39.4,46.1
371190058631,39.9,39.3,42.3
371190058632,41.5,41.4,43.2
371190058641,47.5,44.0,47.8
371190058642,38.5,40.3,37.9
371190058651,42.4,44.0,42.2
371190058661,27.3,26.7,27.8
371190058662,29.4,27.8,32.8
371190058663,34.9,31.9,42.0
371190058671,38.2,36.0,39.1
371190058672,39.8,29.4,50.0
371190058681,33.9,32.3,35.0
371190059081,42.7,43.1,41.2
371190059101,29.2,29.2,28.7
371190059102,32.8,29.1,35.8
371190059131,35.7,44.0,35.4
371190059132,31.8,32.0,31.4
371190059133,33.9,37.8,31.7
371190059134,36.3,29.5,45.2
371190059151,32.5,31.7,32.8
371190059152,29.8,29.9,29.8
371190059161,29.1,32.7,27.8
371190059162,27.4,21.9,42.3
371190059181,36.0,30.9,39.9
371190059182,32.6,33.5,32.0
371190059183,31.3,27.6,32.6
371190059191,44.4,37.4,45.5
371190059192,25.6,25.6,37.2
371190059201,29.3,29.2,32.9
371190059202,56.7,52.1,63.5
371190059211,33.0,32.9,33.3
371190059221,34.2,35.7,32.1
371190059222,39.6,36.0,43.7
371190059231,40.0,45.5,33.8
371190059232,34.3,32.7,34.8
371190059241,31.4,30.2,32.5
371190059242,40.4,43.1,37.8
371190059251,39.8,35.9,41.6
371190059261,41.0,43.4,38.2
371190059262,44.7,52.6,44.6
371190059271,28.9,40.5,27.3
371190059272,29.9,31.7,29.6
371190059281,30.7,34.0,25.6
371190059291,40.3,40.5,38.5
371190059292,43.2,35.5,43.4
371190059301,37.6,30.1,42.6
371190059311,35.7,39.4,31.4
371190059312,37.9,34.3,38.8
371190059321,33.2,34.2,32.0
371190060051,35.4,35.3,35.6
371190060052,33.6,35.8,30.7
371190060081,45.4,45.5,43.6
371190060082,49.2,50.6,49.1
371190060091,35.4,33.7,41.4
371190060092,34.1,32.8,34.3
371190060111,28.8,28.6,29.2
371190060121,43.1,43.0,43.3
371190060122,28.5,25.6,44.5
371190060131,25.9,22.8,41.0
371190060132,38.3,31.3,47.1
371190060141,35.6,38.2,35.0
371190060142,37.8,37.2,44.0
371190060151,48.4,37.0,52.2
371190060152,37.0,38.8,33.6
371190060161,34.9,27.8,38.8
371190060162,33.9,25.0,42.4
371190061031,36.8,36.3,37.3
371190061032,32.6,33.1,31.9
371190061051,37.5,37.4,37.7
371190061081,37.8,31.9,44.4
371190061082,34.8,33.2,44.3
371190061091,42.3,37.5,49.2
371190061101,32.0,43.3,31.6
371190061102,34.1,25.5,44.8
371190061103,32.2,32.4,31.8
371190061111,36.2,34.7,36.4
371190061112,35.9,35.8,36.0
371190061121,31.4,11.5,31.6
371190061122,26.6,24.5,28.0
371190061131,30.9,28.1,36.6
371190061132,30.9,34.9,30.7
371190061141,30.8,48.3,20.8
371190061142,39.9,40.7,36.6
371190061151,29.0,30.7,27.5
371190061152,32.3,28.5,36.7
371190062081,31.3,31.0,35.0
371190062082,40.1,40.2,38.7
371190062091,39.9,20.5,41.3
371190062092,32.2,31.3,37.1
371190062093,43.7,36.6,48.3
371190062101,49.6,47.9,51.1
371190062102,42.2,41.0,43.5
371190062111,41.2,43.6,37.0
371190062112,42.8,42.9,42.7
371190062121,36.5,37.7,35.6
371190062122,33.7,38.2,27.5
371190062141,35.3,34.5,38.8
371190062142,39.6,36.9,44.6
371190062161,55.9,55.5,57.6
371190062171,53.0,52.8,55.5
371190062172,49.2,55.4,44.4
371190062181,47.8,49.6,47.3
371190062191,55.4,50.6,56.6
371190062201,54.9,54.9,54.5
371190062202,60.2,59.2,60.7
371190062211,38.0,37.9,38.0
371190062221,49.4,46.8,49.7
371190062222,39.5,42.2,36.8
371190062231,33.6,33.9,33.5
371190062241,35.9,36.9,34.7
371190063051,45.2,42.4,47.1
371190063061,42.5,40.6,48.0
371190063071,41.1,44.1,32.9
371190063072,28.6,28.6,30.0
371190063081,40.3,40.0,40.6
371190063091,41.7,36.9,46.7
371190063101,41.4,41.0,41.8
371190063111,47.9,49.4,45.6
371190063112,42.4,43.2,41.7
371190064031,48.1,38.4,52.8
371190064032,20.0,19.8,20.1
371190064033,46.6,49.1,46.2
371190064041,43.5,44.2,42.8
371190064042,50.5,49.7,52.6
371190064043,43.3,44.6,42.0
371190064071,40.7,40.4,40.7
371190064072,39.1,41.0,35.2
371190064081,32.1,28.7,40.5
371190064082,39.6,32.0,41.9
371190064091,47.5,47.8,46.6
371190064101,36.3,34.1,39.4
371190064102,43.2,41.8,43.3
371190064111,37.5,40.5,35.4
371190064112,50.0,43.6,52.4
371199801001,-666666666.0,-666666666.0,-666666666.0
371199802001,-666666666.0,-666666666.0,-666666666.0
371199803001,-666666666.0,-666666666.0,-666666666.0
